category,conclusion
slowest_subsystem,"'ml_inference_ensemble (preprocessing+2x forward+XAI)' is the slowest recurring, per-request subsystem at 275.28 ms mean, 10,196x slower than the fastest measured operation ('blockchain_ingest_record', 0.0270 ms)."
inference_architecture,"The deployed detector is an EnsembleDetector running v2 AND v3 sequentially on every reading (275.3 ms measured total vs ~138.8 ms self-reported for a single model's forward pass) — confirms end-to-end latency is ~2x a single model's cost by architecture, not an anomaly."
streaming_throughput_ceiling,"Single-threaded streaming throughput of the full detection pipeline is 3.5 readings/sec (285.71 ms/reading) — this, not I/O, network, or the simulator (27,958+ samples/sec measured), is what caps how fast a single worker can process a continuous stream of meter readings."
operational_rate_limit_ceiling,"The deployed RateLimitMiddleware (120 req/min default) is the dominant ceiling for external API traffic — a burst of 150 requests produced 30 HTTP 429s (first rejection at request #120). This is ~2.0 req/sec, roughly 3.6x below the backend's own single-threaded inference capacity (see streaming_throughput_ceiling) — the limiter, not the model, is what an external client actually experiences."
concurrency_scaling,"api_server.py's /api/detect handler is `async def` but calls `_ml_detector.ingest()` directly (no run_in_executor/asyncio.to_thread) — a synchronous, ~270ms-per-call function. Measured in-process throughput went from 3.6 req/s at concurrency=1 to 2.37 req/s at concurrency=1000 (0.66x, on an 8-logical-core machine, bounded thread pool of 64) — far from the 1000x linear scaling the requested concurrency level implies. On a single uvicorn worker (this deployment's default), concurrent HTTP requests to /api/detect queue behind the blocking call and are effectively processed close to one-at-a-time."
health_endpoint_blocking_call,"production/monitoring/health.py's /health/detailed calls psutil.cpu_percent(interval=0.1) synchronously inside an `async def` route. That single call measured 108.6 ms mean, accounting for 99% of the endpoint's own measured latency (109.6 ms). Since it blocks the whole event loop, every dashboard health-widget poll (every 5s, per dashboard/index.html) freezes ALL other in-flight requests on a single-worker deployment for ~100ms."
blockchain_validate_scaling,"ledger.validate() (called on every /health/detailed and /api/blockchain/status request) is O(total records ever notarized) — measured 7.79 ms at 5,000 records on an isolated ledger (~1.5549 ms per additional 1,000 records). The live ledger currently holds only 1 block, so this cost is negligible today, but it will grow linearly with the system's operational lifetime and compounds with the psutil blocking call on the same endpoint."
startup_cost,"Model weight loading takes ~2698 ms (cold, from disk); full app startup (uvicorn boot to first healthy /health) takes ~4010 ms. Both are one-time per-process costs, not recurring — relevant to container restart/scaling latency (e.g. how fast a new replica becomes ready behind a load balancer), not steady-state throughput."
memory_growth_soak,"live server process: MEASUREMENT UNRELIABLE this run — _find_live_server_pid() matched a process (PID 4368) reporting 4.58 MB average RSS, far too low for a running FastAPI+PyTorch process; likely picked up a stale/wrong PID via cmdline matching. Not treated as evidence either way; in-process heavy-load worker: 3.5 MB growth over 298.06s processing 778 readings back-to-back. No unbounded growth observed in the reliable measurement(s) over this window — see the report for the scaled-down soak duration used and the recommendation for a longer run with corrected PID detection."
